{
	"credit": "Made with Blockbench",
	"textures": {
		"0": "./demon_sword",
		"particle": "./demon_sword"
	},
	"elements": [
		{
			"from": [7, 0, 7],
			"to": [9, 4, 9],
			"rotation": {"angle": 0, "axis": "y", "origin": [7, 0, 7]},
			"faces": {
				"north": {"uv": [8, 10, 10, 14], "texture": "#0"},
				"east": {"uv": [10, 10, 12, 14], "texture": "#0"},
				"south": {"uv": [0, 11, 2, 15], "texture": "#0"},
				"west": {"uv": [2, 11, 4, 15], "texture": "#0"},
				"up": {"uv": [14, 2, 12, 0], "texture": "#0"},
				"down": {"uv": [14, 2, 12, 4], "texture": "#0"}
			}
		},
		{
			"from": [7, 7, 7],
			"to": [9, 18, 9],
			"rotation": {"angle": 0, "axis": "y", "origin": [7, 7, 7]},
			"faces": {
				"north": {"uv": [0, 0, 2, 11], "texture": "#0"},
				"east": {"uv": [2, 0, 4, 11], "texture": "#0"},
				"south": {"uv": [4, 0, 6, 11], "texture": "#0"},
				"west": {"uv": [6, 0, 8, 11], "texture": "#0"},
				"up": {"uv": [14, 6, 12, 4], "texture": "#0"},
				"down": {"uv": [14, 6, 12, 8], "texture": "#0"}
			}
		},
		{
			"from": [7.5, 18, 7],
			"to": [8.5, 19, 9],
			"rotation": {"angle": 0, "axis": "y", "origin": [6.5, 18, 7]},
			"faces": {
				"north": {"uv": [13, 10, 14, 11], "texture": "#0"},
				"east": {"uv": [12, 8, 14, 9], "texture": "#0"},
				"south": {"uv": [13, 11, 14, 12], "texture": "#0"},
				"west": {"uv": [12, 9, 14, 10], "texture": "#0"},
				"up": {"uv": [13, 12, 12, 10], "texture": "#0"},
				"down": {"uv": [13, 12, 12, 14], "texture": "#0"}
			}
		},
		{
			"from": [6, 4, 7],
			"to": [10, 7, 9],
			"rotation": {"angle": 0, "axis": "y", "origin": [7, 4, 7]},
			"faces": {
				"north": {"uv": [8, 0, 12, 3], "texture": "#0"},
				"east": {"uv": [4, 11, 6, 14], "texture": "#0"},
				"south": {"uv": [8, 3, 12, 6], "texture": "#0"},
				"west": {"uv": [6, 11, 8, 14], "texture": "#0"},
				"up": {"uv": [12, 8, 8, 6], "texture": "#0"},
				"down": {"uv": [12, 8, 8, 10], "texture": "#0"}
			}
		}
	],
	"display": {
		"thirdperson_righthand": {
			"rotation": [-11.87, 83.43, 20.81],
			"translation": [0.25, 4.25, 3]
		}
	}
}