{
	"credit": "Made with Blockbench",
	"texture_size": [32, 32],
	"textures": {
		"0": "./sawblade",
		"particle": "./sawblade"
	},
	"elements": [
		{
			"from": [8, 0, -5],
			"to": [8, 8, 3],
			"rotation": {"angle": 22.5, "axis": "x", "origin": [6, 0, -3]},
			"faces": {
				"north": {"uv": [0, 0, 0, 4], "texture": "#0"},
				"east": {"uv": [0, 0, 4, 4], "texture": "#0"},
				"south": {"uv": [0, 0, 0, 4], "texture": "#0"},
				"west": {"uv": [0, 4, 4, 8], "texture": "#0"},
				"up": {"uv": [0, 4, 0, 0], "texture": "#0"},
				"down": {"uv": [0, 0, 0, 4], "texture": "#0"}
			}
		},
		{
			"from": [8, -5, -4],
			"to": [8, 3, 4],
			"rotation": {"angle": -45, "axis": "x", "origin": [6, 1, -4]},
			"faces": {
				"north": {"uv": [0, 0, 0, 4], "texture": "#0"},
				"east": {"uv": [4, 0, 8, 4], "texture": "#0"},
				"south": {"uv": [0, 0, 0, 4], "texture": "#0"},
				"west": {"uv": [4, 4, 8, 8], "texture": "#0"},
				"up": {"uv": [0, 4, 0, 0], "texture": "#0"},
				"down": {"uv": [0, 0, 0, 4], "texture": "#0"}
			}
		},
		{
			"from": [7, 0, 3],
			"to": [9, 2, 11],
			"rotation": {"angle": 0, "axis": "x", "origin": [6, 0, 5]},
			"faces": {
				"north": {"uv": [9, 1, 10, 2], "texture": "#0"},
				"east": {"uv": [5, 8, 9, 9], "texture": "#0"},
				"south": {"uv": [2, 9, 3, 10], "texture": "#0"},
				"west": {"uv": [8, 5, 12, 6], "texture": "#0"},
				"up": {"uv": [1, 13, 0, 9], "texture": "#0"},
				"down": {"uv": [2, 9, 1, 13], "texture": "#0"}
			}
		},
		{
			"from": [7, 0.75, 10.8],
			"to": [9, 2.75, 18.8],
			"rotation": {"angle": -22.5, "axis": "x", "origin": [6, 0.75, 12.8]},
			"faces": {
				"north": {"uv": [8, 6, 9, 7], "texture": "#0"},
				"east": {"uv": [0, 8, 4, 9], "texture": "#0"},
				"south": {"uv": [8, 7, 9, 8], "texture": "#0"},
				"west": {"uv": [8, 0, 12, 1], "texture": "#0"},
				"up": {"uv": [9, 5, 8, 1], "texture": "#0"},
				"down": {"uv": [5, 8, 4, 12], "texture": "#0"}
			}
		}
	],
	"display": {
		"thirdperson_righthand": {
			"rotation": [83, 0, 0],
			"translation": [0, 5.75, 5.5]
		},
		"thirdperson_lefthand": {
			"rotation": [83, 0, 0],
			"translation": [0, 6.75, 4.5]
		},
		"firstperson_righthand": {
			"translation": [0, 7.25, 3.25]
		},
		"firstperson_lefthand": {
			"translation": [0, 7.25, 0]
		}
	}
}